step,loss,grad_norm,learning_rate,num_tokens,completions/mean_length,completions/min_length,completions/max_length,completions/clipped_ratio,completions/mean_terminated_length,completions/min_terminated_length,completions/max_terminated_length,rewards/reward_format/mean,rewards/reward_format/std,rewards/reward_env_step/mean,rewards/reward_env_step/std,rewards/reward_mode_match/mean,rewards/reward_mode_match/std,rewards/reward_anti_spam/mean,rewards/reward_anti_spam/std,rewards/reward_fuel_discipline/mean,rewards/reward_fuel_discipline/std,reward,reward_std,kl,clip_ratio/low_mean,clip_ratio/low_min,clip_ratio/high_mean,clip_ratio/high_max,clip_ratio/region_mean,epoch
2,0.1333,0.08066999167203903,5.555555555555555e-07,4436.0,28.5,28.0,29.0,0.0,28.5,28.0,29.0,1.0,0.0,0.5881484746932983,0.4475877732038498,0.5,0.0,-0.02500000037252903,0.08660253882408142,0.0,0.0,2.0631483793258667,0.006115085911005735,3.3314653635025024,0.0,0.0,0.0,0.0,0.0,0.031496062992125984
4,0.1504,0.9715451598167419,1.6666666666666667e-06,9108.0,28.5,28.0,29.0,0.0,28.5,28.0,29.0,1.0,0.0,0.23334088176488876,0.07123795617371798,0.5,0.0,-0.22500000149011612,0.2626388445496559,0.0,0.0,1.508340835571289,0.06131481472402811,3.7595527172088623,0.0,0.0,0.0,0.0,0.0,0.06299212598425197
6,0.1328,0.04190170019865036,2.7777777777777783e-06,13847.0,27.875,27.5,28.0,0.0,27.875,27.5,28.0,1.0,0.0,0.7956500053405762,0.23596304655075073,0.5,0.0,-0.39375002682209015,0.27513885498046875,0.0,0.0,1.9018999338150024,0.06187184900045395,3.3204315304756165,0.0,0.0,0.0,0.0,0.0,0.09448818897637795
8,0.1352,1.2114976644515991,3.88888888888889e-06,18569.0,28.5,28.0,29.0,0.0,28.5,28.0,29.0,1.0,0.0,0.6975194811820984,0.3108716830611229,0.5,0.0,-0.18750000558793545,0.10103630274534225,0.0,0.0,2.010019540786743,0.001692448859103024,3.378991276025772,0.0,0.0,0.0,0.0,0.0,0.12598425196850394
10,0.1371,1.3612542152404785,5e-06,23416.0,28.875,27.5,30.0,0.0,28.875,27.5,30.0,1.0,0.0,0.7797956168651581,0.254356199875474,0.4000000059604645,0.20000000298023224,-0.02500000037252903,0.08660253882408142,0.01875000074505806,0.03750000521540642,2.1735455989837646,0.12057669600471854,3.428824543952942,0.0,0.0,0.0,0.0,0.0,0.15748031496062992
12,0.1352,0.8812265992164612,4.999417270640899e-06,28098.0,28.0,27.0,29.0,0.0,28.0,27.0,29.0,1.0,0.0,0.47942113876342773,0.12522844970226288,0.5,0.0,-0.2750000059604645,0.37527769804000854,0.0,0.0,1.7044211626052856,0.006322406581602991,3.3793951272964478,0.0,0.0,0.0,0.0,0.0,0.1889763779527559
14,0.1482,0.09556111693382263,4.997669354222402e-06,32874.0,28.5,28.0,29.0,0.0,28.5,28.0,29.0,1.0,0.0,0.44925162196159363,0.3631848841905594,0.5,0.0,-0.3125000149011612,0.3444295823574066,0.0,0.0,1.6367515325546265,0.046055104583501816,3.70490300655365,0.0,0.0,0.0,0.0,0.0,0.2204724409448819
16,0.15,0.11435718834400177,4.99475706559428e-06,37352.0,28.5,28.0,29.0,0.0,28.5,28.0,29.0,1.0,0.0,0.47075824439525604,0.3569822162389755,0.5,0.0,-0.11250000260770321,0.18763884902000427,0.0,0.0,1.8582582473754883,0.0019887411035597324,3.750394344329834,0.0,0.0,0.0,0.0,0.0,0.25196850393700787
18,0.1101,0.05757880210876465,4.9906817624174e-06,42053.0,27.125,27.0,27.5,0.0,27.125,27.0,27.5,1.0,0.0,0.7956500053405762,0.23596304655075073,0.5,0.0,-0.17500000074505806,0.08660253882408142,0.0,0.0,2.120650053024292,0.0,2.7535260915756226,0.0,0.0,0.0,0.0,0.0,0.28346456692913385
20,0.1417,1.4060529470443726,4.985445344530811e-06,46838.0,28.125,28.0,28.5,0.0,28.125,28.0,28.5,1.0,0.0,0.7275897562503815,0.3145597577095032,0.5,0.0,-0.10625000856816769,0.13287684321403503,0.01875000074505806,0.03750000521540642,2.140089750289917,0.08927467197645456,3.5422953367233276,0.0,0.0,0.0,0.0,0.0,0.31496062992125984
22,0.1305,1.300031065940857,4.979050253066064e-06,51641.0,28.625,28.0,29.0,0.0,28.625,28.0,29.0,1.0,0.0,0.5876874923706055,0.47615039348602295,0.5,0.0,-0.3500000089406967,0.2886751517653465,0.03750000149011612,0.04330126941204071,1.7751875519752502,0.00433103134855628,3.263104498386383,0.0,0.0,0.0,0.0,0.0,0.3464566929133858
24,0.1312,1.7396293878555298,4.971499469309197e-06,56421.0,28.5,28.0,29.0,0.0,28.5,28.0,29.0,1.0,0.0,0.6252250075340271,0.04014977067708969,0.5,0.0,-0.25,0.0,0.0,0.0,1.875225007534027,0.005642367526888847,3.2807911932468414,0.0,0.0,0.0,0.0,0.0,0.3779527559055118
26,0.135,0.04780276492238045,4.962796513310917e-06,61231.0,28.0,27.0,29.0,0.0,28.0,27.0,29.0,1.0,0.0,0.7981249988079071,0.23314021527767181,0.5,0.0,-0.17500000074505806,0.08660253882408142,0.0,0.0,2.1231250762939453,0.003500169375911355,3.37480428814888,0.0,0.0,0.0,0.0,0.0,0.4094488188976378
28,0.1393,0.09385110437870026,4.952945442245598e-06,66061.0,28.25,28.0,29.0,0.0,28.25,28.0,29.0,1.0,0.0,0.7984375059604645,0.23274433612823486,0.5,0.0,-0.2187500037252903,0.1741025447845459,0.0,0.0,2.079687476158142,0.06187184900045395,3.482512414455414,0.0,0.0,0.0,0.0,0.0,0.4409448818897638
30,0.1408,0.06667206436395645,4.9419508485199045e-06,70867.0,28.25,27.0,29.0,0.0,28.25,27.0,29.0,1.0,0.0,0.9048500061035156,0.10986975580453873,0.5,0.0,-0.1437500026077032,0.08750000596046448,0.0,0.0,2.2610999941825867,0.06187184900045395,3.5201203525066376,0.0,0.0,0.0,0.0,0.0,0.47244094488188976
32,0.1435,1.0873395204544067,4.92981785763188e-06,75551.0,28.0,27.0,29.0,0.0,28.0,27.0,29.0,1.0,0.0,0.3696388676762581,0.3245037868618965,0.5,0.0,-0.18750000558793545,0.10103630274534225,0.0,0.0,1.6821388006210327,0.0010265286546200514,3.58758082985878,0.0,0.0,0.0,0.0,0.0,0.5039370078740157
34,0.1489,0.038446761667728424,4.916552125781529e-06,80295.0,28.25,28.0,29.0,0.0,28.25,28.0,29.0,1.0,0.0,0.800599992275238,0.23024728894233704,0.5,0.0,-0.10000000149011612,0.17320507764816284,0.0,0.0,2.200600028038025,0.0,3.7230471670627594,0.0,0.0,0.0,0.0,0.0,0.5354330708661418
36,0.1468,0.06230105832219124,4.9021598372339845e-06,85063.0,28.0,27.0,29.0,0.0,28.0,27.0,29.0,1.0,0.0,0.7523047626018524,0.2860138416290283,0.5,0.0,0.05000000074505806,0.0,0.0,0.0,2.302304744720459,0.0,3.668900191783905,0.0,0.0,0.0,0.0,0.0,0.5669291338582677
38,0.1491,1.2911685705184937,4.886647701436513e-06,89819.0,28.5,28.0,29.0,0.0,28.5,28.0,29.0,1.0,0.0,0.41914498805999756,0.20781366154551506,0.5,0.0,-0.350000012665987,0.08660253882408142,0.0,0.0,1.5691449642181396,0.00433103134855628,3.7267522513866425,0.0,0.0,0.0,0.0,0.0,0.5984251968503937
40,0.1425,0.016502218320965767,4.870022949890676e-06,94561.0,28.5,28.0,29.0,0.0,28.5,28.0,29.0,1.0,0.0,0.775492250919342,0.2592392284423113,0.5,0.0,-0.17500000074505806,0.08660253882408142,0.0,0.0,2.100492238998413,0.0,3.5630484521389008,0.0,0.0,0.0,0.0,0.0,0.6299212598425197
42,0.144,0.026254434138536453,4.852293332781125e-06,99215.0,28.0,27.0,29.0,0.0,28.0,27.0,29.0,1.0,0.0,0.16556274890899658,0.03976470744237304,0.5,0.0,-0.18750000558793545,0.10103630274534225,0.0,0.0,1.4780627489089966,0.0,3.6000431180000305,0.0,0.0,0.0,0.0,0.0,0.6614173228346457
44,0.148,0.004409700632095337,4.83346711536259e-06,103975.0,28.5,28.0,29.0,0.0,28.5,28.0,29.0,1.0,0.0,0.4614243879914284,0.15831109322607517,0.5,0.0,0.05000000074505806,0.0,0.0,0.0,2.0114243626594543,0.0008373735472559929,3.7009463012218475,0.0,0.0,0.0,0.0,0.0,0.6929133858267716
46,0.1461,0.05243857204914093,4.813553074106761e-06,108685.0,28.25,27.0,29.0,0.0,28.25,27.0,29.0,1.0,0.0,0.7726597487926483,0.26250991225242615,0.5,0.0,-0.1875000037252903,0.2742413878440857,0.0,0.0,2.0851597785949707,0.0,3.6520480811595917,0.0,0.0,0.0,0.0,0.0,0.7244094488188977
48,0.1467,0.006770775653421879,4.792560492610836e-06,113431.0,29.0,29.0,29.0,0.0,29.0,29.0,29.0,1.0,0.0,0.6749399900436401,0.09014170616865158,0.5,0.0,-0.1875000037252903,0.2742413878440857,0.0,0.0,1.987440049648285,0.0,3.6684097945690155,0.0,0.0,0.0,0.0,0.0,0.7559055118110236
50,0.1462,0.06211882084608078,4.770499157269664e-06,118199.0,28.5,28.0,29.0,0.0,28.5,28.0,29.0,1.0,0.0,0.5621057450771332,0.418123722076416,0.5,0.0,-0.11250000260770321,0.18763884902000427,0.0,0.0,1.949605643749237,0.0,3.6544182300567627,0.0,0.0,0.0,0.0,0.0,0.7874015748031497
52,0.1468,0.04496763274073601,4.747379352713489e-06,122933.0,28.5,28.0,29.0,0.0,28.5,28.0,29.0,1.0,0.0,0.5790422484278679,0.020591484382748604,0.5,0.0,-0.18750000558793545,0.10103630274534225,0.0,0.0,1.8915421962738037,0.0,3.669697642326355,0.0,0.0,0.0,0.0,0.0,0.8188976377952756
54,0.1504,0.03025292418897152,4.723211857013423e-06,127685.0,29.0,29.0,29.0,0.0,29.0,29.0,29.0,1.0,0.0,1.0,0.0,0.5,0.0,0.05000000074505806,0.0,0.0,0.0,2.549999952316284,0.0,3.7604540288448334,0.0,0.0,0.0,0.0,0.0,0.8503937007874016
56,0.1481,0.0048015727661550045,4.698007936656891e-06,132379.0,29.0,29.0,29.0,0.0,29.0,29.0,29.0,1.0,0.0,0.8061574995517731,0.22383004426956177,0.5,0.0,-0.17500000074505806,0.08660253882408142,0.0,0.0,2.1311575174331665,0.0,3.7028467059135437,0.0,0.0,0.0,0.0,0.0,0.8818897637795275
58,0.1465,0.01597893424332142,4.671779341295378e-06,137073.0,28.5,28.0,29.0,0.0,28.5,28.0,29.0,1.0,0.0,0.39309998601675034,0.2402931973338127,0.5,0.0,-0.18750000558793545,0.10103630274534225,0.0,0.0,1.7055999040603638,0.0,3.6630384624004364,0.0,0.0,0.0,0.0,0.0,0.9133858267716536
60,0.1533,0.0652373656630516,4.6445382982669365e-06,141533.0,28.5,28.0,29.0,0.0,28.5,28.0,29.0,1.0,0.0,0.7234100103378296,0.13889317214488983,0.5,0.0,0.05000000074505806,0.0,0.0,0.0,2.2734099626541138,0.0,3.83367258310318,0.0,0.0,0.0,0.0,0.0,0.9448818897637795
62,0.1517,0.057848744094371796,4.616297506896002e-06,146241.0,28.5,28.0,29.0,0.0,28.5,28.0,29.0,1.0,0.0,0.801562488079071,0.2291359007358551,0.5,0.0,-0.10000000149011612,0.17320507764816284,0.0,0.0,2.201562523841858,0.0,3.7914961874485016,0.0,0.0,0.0,0.0,0.0,0.9763779527559056
64,0.1508,1.0912901163101196,4.587070132573178e-06,151013.0,29.0,29.0,29.0,0.0,29.0,29.0,29.0,1.0,0.0,0.7185672521591187,0.3250621408224106,0.5,0.0,-0.10000000149011612,0.17320507764816284,0.0,0.0,2.1185672879219055,0.00357830966822803,3.7710679471492767,0.0,0.0,0.0,0.0,0.0,1.015748031496063
66,0.1466,0.050910647958517075,4.556869800617754e-06,155803.0,29.0,29.0,29.0,0.0,29.0,29.0,29.0,1.0,0.0,0.8253324925899506,0.20168866217136383,0.5,0.0,-0.17500000074505806,0.08660253882408142,0.0,0.0,2.150332450866699,0.0,3.664440929889679,0.0,0.0,0.0,0.0,0.0,1.047244094488189
68,0.1451,0.047095052897930145,4.525710589925794e-06,160517.0,28.5,28.0,29.0,0.0,28.5,28.0,29.0,1.0,0.0,0.5934101343154907,0.46953122317790985,0.5,0.0,-0.1875000037252903,0.2742413878440857,0.0,0.0,1.905910074710846,0.003847206477075815,3.6271452009677887,0.0,0.0,0.0,0.0,0.0,1.078740157480315
70,0.1445,0.06046820059418678,4.493607026406802e-06,165299.0,29.0,29.0,29.0,0.0,29.0,29.0,29.0,1.0,0.0,0.8757977485656738,0.08543252944946289,0.5,0.0,-0.02500000037252903,0.08660253882408142,0.0,0.0,2.3507977724075317,0.0,3.6127962470054626,0.0,0.0,0.0,0.0,0.0,1.110236220472441
72,0.1487,0.03813311085104942,4.460574076211973e-06,169951.0,28.0,27.0,29.0,0.0,28.0,27.0,29.0,1.0,0.0,0.36071426421403885,0.281294371932745,0.5,0.0,-0.11250000260770321,0.18763884902000427,0.0,0.0,1.7482141852378845,0.02301632985472679,3.717426896095276,0.0,0.0,0.0,0.0,0.0,1.141732283464567
74,0.1426,0.060474760830402374,4.426627138757224e-06,174441.0,28.75,28.0,29.0,0.0,28.75,28.0,29.0,1.0,0.0,0.5999999940395355,0.46188023686408997,0.5,0.0,-0.1875000037252903,0.2742413878440857,0.0,0.0,1.9124999642372131,0.0,3.5650991201400757,0.0,0.0,0.0,0.0,0.0,1.1732283464566928
76,0.1501,0.016360612586140633,4.391782039544239e-06,179125.0,28.0,28.0,28.0,0.0,28.0,28.0,28.0,1.0,0.0,0.5819140002131462,0.010838022455573082,0.5,0.0,-0.02500000037252903,0.08660253882408142,0.0,0.0,2.0569140315055847,0.0,3.75243479013443,0.0,0.0,0.0,0.0,0.0,1.204724409448819
78,0.1461,0.03900415822863579,4.356055022782884e-06,183875.0,28.75,28.0,29.0,0.0,28.75,28.0,29.0,1.0,0.0,0.7984375059604645,0.23274433612823486,0.5,0.0,-0.26250000298023224,0.18763884902000427,0.0,0.0,2.035937488079071,0.0,3.6534027457237244,0.0,0.0,0.0,0.0,0.0,1.236220472440945
80,0.1472,0.016413401812314987,4.3194627438184235e-06,188607.0,29.0,29.0,29.0,0.0,29.0,29.0,29.0,1.0,0.0,0.720285028219223,0.32298706471920013,0.5,0.0,-0.2750000115483999,0.0,0.0,0.0,1.9452849626541138,0.0,3.6787564754486084,0.0,0.0,0.0,0.0,0.0,1.2677165354330708
82,0.1462,0.8087379932403564,4.282022261367074e-06,193109.0,28.5,28.0,29.0,0.0,28.5,28.0,29.0,1.0,0.0,0.5969374775886536,0.4654694199562073,0.5,0.0,-0.11250000260770321,0.18763884902000427,0.0,0.0,1.9844374060630798,0.00433103134855628,3.654552459716797,0.0,0.0,0.0,0.0,0.0,1.2992125984251968
84,0.1464,0.010178540833294392,4.243751029563507e-06,197845.0,29.0,29.0,29.0,0.0,29.0,29.0,29.0,1.0,0.0,0.5893749892711639,0.4741489291191101,0.5,0.0,-0.1875000037252903,0.2742413878440857,0.0,0.0,1.9018750190734863,0.0,3.6599240899086,0.0,0.0,0.0,0.0,0.0,1.330708661417323
86,0.1421,0.8673855662345886,4.20466688982403e-06,202535.0,28.0,27.0,29.0,0.0,28.0,27.0,29.0,1.0,0.0,0.3331911191344261,0.2688625641167164,0.5,0.0,-0.1875000037252903,0.2742413878440857,0.0,0.0,1.645691156387329,0.00433756411075592,3.551788955926895,0.0,0.0,0.0,0.0,0.0,1.3622047244094488
88,0.1471,0.0051450226455926895,4.164788062529203e-06,207239.0,29.0,29.0,29.0,0.0,29.0,29.0,29.0,1.0,0.0,0.6780650019645691,0.371738538146019,0.5,0.0,-0.10000000149011612,0.17320507764816284,0.0,0.0,2.078065037727356,0.0,3.6764897406101227,0.0,0.0,0.0,0.0,0.0,1.3937007874015748
90,0.1512,0.0746859610080719,4.124133138529804e-06,211995.0,28.5,28.0,29.0,0.0,28.5,28.0,29.0,1.0,0.0,0.801562488079071,0.2291359007358551,0.5,0.0,-0.02500000037252903,0.08660253882408142,0.0,0.0,2.276562452316284,0.0,3.7800025939941406,0.0,0.0,0.0,0.0,0.0,1.425196850393701
92,0.1482,0.015046519227325916,4.082721070480075e-06,216455.0,28.0,27.0,29.0,0.0,28.0,27.0,29.0,1.0,0.0,0.7726404964923859,0.2444264441728592,0.5,0.0,-0.02500000037252903,0.08660253882408142,0.0,0.0,2.2476404905319214,0.0,3.7044800519943237,0.0,0.0,0.0,0.0,0.0,1.4566929133858268
94,0.1488,0.04225894808769226,4.040571164002319e-06,221259.0,28.25,28.0,29.0,0.0,28.25,28.0,29.0,1.0,0.0,0.6749400198459625,0.37534697353839874,0.5,0.0,-0.11250000260770321,0.18763884902000427,0.0,0.0,2.062439978122711,0.0,3.7189151644706726,0.0,0.0,0.0,0.0,0.0,1.4881889763779528
96,0.1499,0.05260797590017319,3.997703068686924e-06,225991.0,28.25,27.0,29.0,0.0,28.25,27.0,29.0,1.0,0.0,0.7930999994277954,0.23890753090381622,0.5,0.0,-0.18750000558793545,0.10103630274534225,0.0,0.0,2.1055999994277954,0.0,3.747515082359314,0.0,0.0,0.0,0.0,0.0,1.5196850393700787
98,0.1489,0.07145696133375168,3.954136768932057e-06,230709.0,28.75,28.0,29.0,0.0,28.75,28.0,29.0,1.0,0.0,0.801562488079071,0.2291359007358551,0.5,0.0,-0.10000000149011612,0.17320507764816284,0.0,0.0,2.201562523841858,0.0,3.72152179479599,0.0,0.0,0.0,0.0,0.0,1.5511811023622046
100,0.1519,0.029799554497003555,3.909892574627267e-06,235587.0,28.0,28.0,28.0,0.0,28.0,28.0,28.0,1.0,0.0,1.0,0.0,0.5,0.0,-0.1875000037252903,0.2742413878440857,0.0,0.0,2.3125,0.0,3.797351837158203,0.0,0.0,0.0,0.0,0.0,1.5826771653543306
102,0.1477,0.05879559740424156,3.864991111685345e-06,240347.0,29.0,29.0,29.0,0.0,29.0,29.0,29.0,1.0,0.0,0.9078859984874725,0.10636408627033234,0.5,0.0,-0.10000000149011612,0.17320507764816284,0.0,0.0,2.307886004447937,0.0,3.692013204097748,0.0,0.0,0.0,0.0,0.0,1.6141732283464567
104,0.1497,0.0200927946716547,3.819453312426872e-06,245143.0,29.0,29.0,29.0,0.0,29.0,29.0,29.0,1.0,0.0,0.7992500066757202,0.23180614411830902,0.5,0.0,-0.10000000149011612,0.17320507764816284,0.0,0.0,2.199250042438507,0.0,3.743635356426239,0.0,0.0,0.0,0.0,0.0,1.6456692913385826
106,0.1431,0.025789786130189896,3.773300405821908e-06,249855.0,28.5,28.0,29.0,0.0,28.5,28.0,29.0,1.0,0.0,0.6288862526416779,0.42852523922920227,0.5,0.0,-0.17500000074505806,0.08660253882408142,0.0,0.0,1.9538862705230713,0.0,3.576968014240265,0.0,0.0,0.0,0.0,0.0,1.6771653543307088
108,0.1472,0.04101913049817085,3.7265539075934014e-06,254617.0,28.5,28.0,29.0,0.0,28.5,28.0,29.0,1.0,0.0,0.4481797516345978,0.2869197055697441,0.5,0.0,-0.17500000074505806,0.08660253882408142,0.0,0.0,1.7731797695159912,0.0,3.6808305978775024,0.0,0.0,0.0,0.0,0.0,1.7086614173228347
110,0.1494,0.020824890583753586,3.6792356101869157e-06,259495.0,28.0,28.0,28.0,0.0,28.0,28.0,28.0,1.0,0.0,0.5023024827241898,0.1110793084371835,0.5,0.0,-0.2750000059604645,0.37527769804000854,0.0,0.0,1.7273024916648865,0.0,3.7349783778190613,0.0,0.0,0.0,0.0,0.0,1.7401574803149606
112,0.1433,1.4167901277542114,3.631367572611348e-06,264245.0,27.5,27.0,28.0,0.0,27.5,27.0,28.0,1.0,0.0,0.47621336579322815,0.14435113221406937,0.5,0.0,-0.11250000260770321,0.18763884902000427,0.0,0.0,1.8637133836746216,0.0021702887024730444,3.5836044251918793,0.0,0.0,0.0,0.0,0.0,1.7716535433070866
114,0.1475,0.027916736900806427,3.582972110155383e-06,268957.0,28.5,28.0,29.0,0.0,28.5,28.0,29.0,1.0,0.0,0.40059998631477356,0.23163294210098684,0.5,0.0,-0.18750000558793545,0.10103630274534225,0.0,0.0,1.7130998969078064,0.0,3.686645418405533,0.0,0.0,0.0,0.0,0.0,1.8031496062992125
116,0.1459,0.022111117839813232,3.534071783984479e-06,273687.0,28.0,27.0,29.0,0.0,28.0,27.0,29.0,1.0,0.0,0.4051950052380562,0.23916158406063914,0.5,0.0,-0.18750000558793545,0.10103630274534225,0.0,0.0,1.7176949977874756,0.0,3.6479437947273254,0.0,0.0,0.0,0.0,0.0,1.8346456692913384
118,0.1512,0.15033499896526337,3.484689390623218e-06,278383.0,28.5,28.0,29.0,0.0,28.5,28.0,29.0,1.0,0.0,0.6031249761581421,0.4582718014717102,0.5,0.0,-0.02500000037252903,0.08660253882408142,0.0,0.0,2.0781248807907104,0.0,3.7793624997138977,0.0,0.0,0.0,0.0,0.0,1.8661417322834646
120,0.158,0.044564247131347656,3.434847951327949e-06,283289.0,28.25,27.0,29.0,0.0,28.25,27.0,29.0,1.0,0.0,1.0,0.0,0.5,0.0,-0.02500000037252903,0.08660253882408142,0.0,0.0,2.475000023841858,0.0,3.949908673763275,0.0,0.0,0.0,0.0,0.0,1.8976377952755905
122,0.1498,0.06984251737594604,3.3845707013546524e-06,288035.0,28.5,28.0,29.0,0.0,28.5,28.0,29.0,1.0,0.0,0.3489163815975189,0.2900744426297024,0.5,0.0,-0.11250000260770321,0.18763884902000427,0.0,0.0,1.7364163398742676,0.002662795828655362,3.745211601257324,0.0,0.0,0.0,0.0,0.0,1.9291338582677167
124,0.1469,0.003353364998474717,3.333881079127052e-06,292727.0,28.5,28.0,29.0,0.0,28.5,28.0,29.0,1.0,0.0,0.6104887425899506,0.41410303115844727,0.5,0.0,-0.17500000074505806,0.08660253882408142,0.0,0.0,1.935488760471344,0.0,3.6727837920188904,0.0,0.0,0.0,0.0,0.0,1.9606299212598426
126,0.1452,1.3533079624176025,3.282802715310007e-06,297395.0,27.83333396911621,27.0,29.0,0.0,27.83333396911621,27.0,29.0,1.0,0.0,0.2925353869795799,0.11824265262112021,0.5,0.0,-0.09999999962747097,0.0,0.0,0.0,1.692535400390625,0.001109979348257184,3.6289042234420776,0.0,0.0,0.0,0.0,0.0,1.9921259842519685
128,0.1486,0.15251851081848145,3.231359421793286e-06,302191.0,28.25,28.0,29.0,0.0,28.25,28.0,29.0,1.0,0.0,1.0,0.0,0.5,0.0,-0.10000000149011612,0.17320507764816284,0.0,0.0,2.4000000953674316,0.0,3.714565724134445,0.0,0.0,0.0,0.0,0.0,2.031496062992126
130,0.1465,0.134298175573349,3.1795751805908578e-06,306917.0,28.5,28.0,29.0,0.0,28.5,28.0,29.0,1.0,0.0,0.5990374982357025,0.4629916250705719,0.5,0.0,-0.1875000037252903,0.2742413878440857,0.0,0.0,1.9115374684333801,0.0,3.6617129743099213,0.0,0.0,0.0,0.0,0.0,2.062992125984252
132,0.1452,1.182732343673706,3.127474132660872e-06,311701.0,29.0,29.0,29.0,0.0,29.0,29.0,29.0,1.0,0.0,0.78285813331604,0.21475493907928467,0.5,0.0,-0.02500000037252903,0.08660253882408142,0.0,0.0,2.2578580379486084,0.00019181030802428722,3.6317604780197144,0.0,0.0,0.0,0.0,0.0,2.094488188976378
134,0.1508,0.05765759199857712,3.075080566651544e-06,316409.0,28.0,27.0,29.0,0.0,28.0,27.0,29.0,1.0,0.0,0.3913452476263046,0.23732531070709229,0.5,0.0,-0.3375000059604645,0.10103630274534225,0.0,0.0,1.553845226764679,0.0,3.7712216079235077,0.0,0.0,0.0,0.0,0.0,2.1259842519685037
136,0.1578,0.08609532564878464,3.0224189075781886e-06,321215.0,27.5,27.0,28.0,0.0,27.5,27.0,28.0,1.0,0.0,0.7992500066757202,0.23180614411830902,0.5,0.0,-0.02500000037252903,0.08660253882408142,0.0,0.0,2.2742499709129333,0.0,3.944979190826416,0.0,0.0,0.0,0.0,0.0,2.15748031496063
138,0.1474,0.08831143379211426,2.9695137054366757e-06,325913.0,28.25,27.0,29.0,0.0,28.25,27.0,29.0,1.0,0.0,0.5999999940395355,0.46188023686408997,0.5,0.0,-0.26250000670552254,0.18763884156942368,0.0,0.0,1.837499976158142,0.0,3.68592232465744,0.0,0.0,0.0,0.0,0.0,2.188976377952756
140,0.1483,0.0659312754869461,2.9163896237586365e-06,330553.0,28.25,28.0,29.0,0.0,28.25,28.0,29.0,1.0,0.0,0.3554297611117363,0.2860138416290283,0.5,0.0,-0.02500000037252903,0.08660253882408142,0.0,0.0,1.83042973279953,0.0,3.7070424258708954,0.0,0.0,0.0,0.0,0.0,2.220472440944882
142,0.1541,0.198484867811203,2.8630714281137263e-06,335331.0,27.75,27.0,28.0,0.0,27.75,27.0,28.0,1.0,0.0,0.7862640023231506,0.24680107831954956,0.5,0.0,-0.10000000149011612,0.17320507764816284,0.0,0.0,2.1862640380859375,0.0,3.8521628677845,0.0,0.0,0.0,0.0,0.0,2.251968503937008
144,0.1425,2.090792655944824,2.8095839745643262e-06,340047.0,28.25,28.0,29.0,0.0,28.25,28.0,29.0,0.75,0.5,0.18308162689208984,0.30952683091163635,0.4124999940395355,0.17499999701976776,-0.318750012665987,0.07180703431367874,0.0,0.0,1.0268316268920898,0.704408586025238,3.563666731119156,0.0,0.0,0.0,0.0,0.0,2.283464566929134
146,0.1529,0.09425793588161469,2.7559521980780566e-06,344777.0,28.25,28.0,29.0,0.0,28.25,28.0,29.0,1.0,0.0,0.776454746723175,0.25812784023582935,0.5,0.0,-0.09999999962747097,0.0,0.0,0.0,2.1764546632766724,0.0,3.821908563375473,0.0,0.0,0.0,0.0,0.0,2.3149606299212597
148,0.1451,0.000986146042123437,2.702201100903511e-06,349461.0,27.25,27.0,28.0,0.0,27.25,27.0,28.0,0.75,0.5,0.37619999796152115,0.4183012694120407,0.4124999940395355,0.17499999701976776,-0.1562500037252903,0.259445883333683,0.0,0.0,1.3824499249458313,0.698267936706543,3.627126842737198,0.0,0.0,0.0,0.0,0.0,2.3464566929133857
150,0.1494,0.03134598582983017,2.6483557409146133e-06,354199.0,27.75,27.0,29.0,0.0,27.75,27.0,29.0,1.0,0.0,0.5710972473025322,0.029765579849481583,0.5,0.0,-0.11250000260770321,0.18763884902000427,0.0,0.0,1.9585972428321838,0.0,3.7361944913864136,0.0,0.0,0.0,0.0,0.0,2.377952755905512
152,0.1548,0.06021491065621376,2.5944412199290586e-06,358975.0,27.75,27.0,29.0,0.0,27.75,27.0,29.0,1.0,0.0,0.5976875126361847,0.4645504802465439,0.5,0.0,-0.26250000670552254,0.18763884156942368,0.0,0.0,1.8351874947547913,0.0,3.8697988986968994,0.0,0.0,0.0,0.0,0.0,2.409448818897638
154,0.1581,1.6829420328140259,2.5404826720062544e-06,363772.0,27.375,27.0,28.5,0.0,27.375,27.0,28.5,0.75,0.5,0.7513063848018646,0.4456603080034256,0.4124999940395355,0.17499999701976776,0.04375000111758709,0.012500000186264515,0.0,0.0,1.9575563669204712,0.7513103297242196,3.9583847522735596,0.0,0.0,0.0,0.0,0.0,2.440944881889764
156,0.157,0.033729080110788345,2.4865052517302397e-06,368504.0,27.25,27.0,28.0,0.0,27.25,27.0,28.0,1.0,0.0,0.7937225103378296,0.23818874452263117,0.5,0.0,-0.09999999962747097,0.0,0.0,0.0,2.1937224864959717,0.0,3.9256324768066406,0.0,0.0,0.0,0.0,0.0,2.47244094488189
158,0.1562,0.0938415676355362,2.432534122483033e-06,373230.0,27.0,27.0,27.0,0.0,27.0,27.0,27.0,1.0,0.0,0.6322138756513596,0.023045124486088753,0.5,0.0,-0.02500000037252903,0.08660253882408142,0.0,0.0,2.107213854789734,4.155679198447615e-05,3.9041264355182648,0.0,0.0,0.0,0.0,0.0,2.5039370078740157
160,0.1532,0.06278921663761139,2.3785944447138804e-06,377982.0,27.25,27.0,28.0,0.0,27.25,27.0,28.0,1.0,0.0,0.7014649957418442,0.12458689510822296,0.5,0.0,-0.2750000059604645,0.37527769804000854,0.0,0.0,1.9264649152755737,0.00530329579487443,3.830588459968567,0.0,0.0,0.0,0.0,0.0,2.5354330708661417
162,0.1555,0.07879695296287537,2.3247113642098648e-06,382646.0,27.0,27.0,27.0,0.0,27.0,27.0,27.0,1.0,0.0,0.4373852610588074,0.1429822777863592,0.5,0.0,-0.02500000037252903,0.08660253882408142,0.0,0.0,1.9123852252960205,0.0007088678539730608,3.8866446018218994,0.0,0.0,0.0,0.0,0.0,2.5669291338582676
164,0.1499,0.05913165956735611,2.2709100003733637e-06,387432.0,27.5,27.0,28.0,0.0,27.5,27.0,28.0,1.0,0.0,0.4147070050239563,0.2501450926065445,0.5,0.0,-0.42500001192092896,0.2020726054906845,0.0,0.0,1.4897069931030273,0.0,3.7483614683151245,0.0,0.0,0.0,0.0,0.0,2.5984251968503935
166,0.1544,0.04884931072592735,2.2172154345117896e-06,391854.0,27.25,27.0,28.0,0.0,27.25,27.0,28.0,1.0,0.0,0.4329397529363632,0.1965130076278001,0.5,0.0,-0.02500000037252903,0.08660253882408142,0.0,0.0,1.9079396724700928,0.0,3.8609714210033417,0.0,0.0,0.0,0.0,0.0,2.6299212598425195
168,0.1572,0.06451265513896942,2.163652698145104e-06,396300.0,27.0,27.0,27.0,0.0,27.0,27.0,27.0,1.0,0.0,0.8165994882583618,0.019600458443164825,0.5,0.0,0.05000000074505806,0.0,0.0,0.0,2.366599440574646,0.0,3.930590033531189,0.0,0.0,0.0,0.0,0.0,2.661417322834646
170,0.1582,1.4027128219604492,2.1102467613365336e-06,401030.0,27.5,27.0,29.0,0.0,27.5,27.0,29.0,1.0,0.0,0.6166466176509857,0.040155526250600815,0.5,0.0,-0.3500000089406967,0.2886751517653465,0.0,0.0,1.7666465044021606,0.0005326307727955282,3.954559475183487,0.0,0.0,0.0,0.0,0.0,2.6929133858267718
172,0.1533,0.04853546991944313,2.0570225210519433e-06,405800.0,27.5,27.0,28.0,0.0,27.5,27.0,28.0,1.0,0.0,0.6584347486495972,0.3944055885076523,0.5,0.0,-0.11250000260770321,0.18763884902000427,0.0,0.0,2.0459346771240234,0.0,3.8321392834186554,0.0,0.0,0.0,0.0,0.0,2.7244094488188977
174,0.1564,0.026731295511126518,2.0040047895532757e-06,410542.0,27.5,27.0,28.0,0.0,27.5,27.0,28.0,1.0,0.0,0.7234100103378296,0.3193786293268204,0.5,0.0,-0.02500000037252903,0.08660253882408142,0.0,0.0,2.198409914970398,0.0,3.909075438976288,0.0,0.0,0.0,0.0,0.0,2.7559055118110236
176,0.1583,0.02501055784523487,1.9512182828314887e-06,415258.0,27.0,27.0,27.0,0.0,27.0,27.0,27.0,1.0,0.0,0.7984375059604645,0.23274433612823486,0.5,0.0,-0.1875000037252903,0.2742413878440857,0.0,0.0,2.110937535762787,0.0,3.9582971334457397,0.0,0.0,0.0,0.0,0.0,2.7874015748031495
178,0.153,0.08555543422698975,1.8986876090843668e-06,420060.0,27.0,27.0,27.0,0.0,27.0,27.0,27.0,1.0,0.0,0.7859831154346466,0.24712678231298923,0.5,0.0,-0.10000000149011612,0.17320507764816284,0.0,0.0,2.1859830617904663,0.00019181030802428722,3.825665593147278,0.0,0.0,0.0,0.0,0.0,2.8188976377952755
180,0.1575,0.059762150049209595,1.8464372572445867e-06,424834.0,27.0,27.0,27.0,0.0,27.0,27.0,27.0,1.0,0.0,0.6502719819545746,0.4038311243057251,0.5,0.0,-0.06249999813735485,0.07499999552965164,0.0,0.0,2.087771952152252,0.053033001720905304,3.9375104010105133,0.0,0.0,0.0,0.0,0.0,2.850393700787402
182,0.1569,0.05128319188952446,1.7944915855633809e-06,429312.0,27.25,27.0,28.0,0.0,27.25,27.0,28.0,1.0,0.0,0.6008124947547913,0.4609420448541641,0.5,0.0,-0.02500000037252903,0.08660253882408142,0.0,0.0,2.0758124589920044,0.0,3.921364963054657,0.0,0.0,0.0,0.0,0.0,2.8818897637795278
184,0.1567,0.02841099724173546,1.7428748102551237e-06,434054.0,27.25,27.0,28.0,0.0,27.25,27.0,28.0,1.0,0.0,0.5990374982357025,0.4629916250705719,0.5,0.0,-0.11250000260770321,0.18763884902000427,0.0,0.0,1.9865373969078064,0.0,3.9181921184062958,0.0,0.0,0.0,0.0,0.0,2.9133858267716537
186,0.1535,0.07414454221725464,1.6916109942081294e-06,438782.0,27.5,27.0,28.0,0.0,27.5,27.0,28.0,1.0,0.0,0.3535272479057312,0.1973758089588955,0.5,0.0,-0.11250000260770321,0.18763884902000427,0.0,0.0,1.7410272359848022,0.006740123964846134,3.8366532027721405,0.0,0.0,0.0,0.0,0.0,2.9448818897637796
188,0.153,0.11488020420074463,1.6407240357669336e-06,443526.0,27.5,27.0,28.0,0.0,27.5,27.0,28.0,1.0,0.0,0.7930999994277954,0.23890753090381622,0.5,0.0,-0.25,0.0,0.0,0.0,2.0430999994277954,0.0,3.8259922862052917,0.0,0.0,0.0,0.0,0.0,2.9763779527559056
190,0.1616,0.043146759271621704,1.5902376575912815e-06,448330.0,27.0,27.0,27.0,0.0,27.0,27.0,27.0,1.0,0.0,1.0,0.0,0.5,0.0,-0.09999999962747097,0.0,0.0,0.0,2.399999976158142,0.0,4.040761351585388,0.0,0.0,0.0,0.0,0.0,3.015748031496063
192,0.1529,0.05784248933196068,1.5401753955970097e-06,452976.0,27.0,27.0,27.0,0.0,27.0,27.0,27.0,1.0,0.0,0.3779649883508682,0.25999237410724163,0.5,0.0,-0.02500000037252903,0.08660253882408142,0.0,0.0,1.8529649376869202,0.0,3.8214054107666016,0.0,0.0,0.0,0.0,0.0,3.047244094488189
194,0.157,0.022163188084959984,1.4905605879839963e-06,457740.0,27.5,27.0,28.0,0.0,27.5,27.0,28.0,1.0,0.0,0.8000569939613342,0.23087428510189056,0.5,0.0,-0.18750000558793545,0.10103630274534225,0.0,0.0,2.112557053565979,0.0,3.9240596890449524,0.0,0.0,0.0,0.0,0.0,3.078740157480315
196,0.1577,0.03362623229622841,1.4414163643562755e-06,462502.0,27.25,27.0,28.0,0.0,27.25,27.0,28.0,1.0,0.0,0.8061574995517731,0.22383004426956177,0.5,0.0,-0.10000000149011612,0.17320507764816284,0.0,0.0,2.2061575651168823,0.0,3.94127157330513,0.0,0.0,0.0,0.0,0.0,3.1102362204724407
198,0.1596,0.02500148117542267,1.3927656349393954e-06,467288.0,27.25,27.0,28.0,0.0,27.25,27.0,28.0,1.0,0.0,0.7992500066757202,0.23180614411830902,0.5,0.0,-0.02500000037252903,0.08660253882408142,0.0,0.0,2.274250030517578,0.0,3.990459978580475,0.0,0.0,0.0,0.0,0.0,3.141732283464567
200,0.1575,0.06081521883606911,1.3446310799000578e-06,472014.0,27.25,27.0,28.0,0.0,27.25,27.0,28.0,1.0,0.0,0.4988499879837036,0.3473050594329834,0.5,0.0,-0.11250000260770321,0.18763884902000427,0.0,0.0,1.8863499164581299,0.0,3.936335474252701,0.0,0.0,0.0,0.0,0.0,3.173228346456693
202,0.1571,0.01852569356560707,1.2970351387729875e-06,476728.0,27.0,27.0,27.0,0.0,27.0,27.0,27.0,1.0,0.0,0.801562488079071,0.2291359007358551,0.5,0.0,-0.10000000149011612,0.17320507764816284,0.0,0.0,2.201562523841858,0.0,3.926742672920227,0.0,0.0,0.0,0.0,0.0,3.204724409448819
204,0.1564,0.020321497693657875,1.2500000000000007e-06,481526.0,27.25,27.0,28.0,0.0,27.25,27.0,28.0,1.0,0.0,0.596875011920929,0.4654886722564697,0.5,0.0,-0.1875000037252903,0.2742413878440857,0.0,0.0,1.909375011920929,0.0,3.910909026861191,0.0,0.0,0.0,0.0,0.0,3.236220472440945
206,0.1558,0.04409134387969971,1.2035475905861136e-06,486278.0,27.0,27.0,27.0,0.0,27.0,27.0,27.0,1.0,0.0,0.414561003446579,0.2427596151828766,0.5,0.0,-0.2750000059604645,0.37527769804000854,0.0,0.0,1.6395609378814697,0.0,3.8943824768066406,0.0,0.0,0.0,0.0,0.0,3.267716535433071
208,0.1528,0.09883422404527664,1.1576995658775405e-06,490996.0,27.0,27.0,27.0,0.0,27.0,27.0,27.0,1.0,0.0,0.5835937559604645,0.02032995759509504,0.5,0.0,-0.11250000260770321,0.18763884902000427,0.0,0.0,1.971093773841858,0.0,3.8191187977790833,0.0,0.0,0.0,0.0,0.0,3.2992125984251968
210,0.1537,0.036021895706653595,1.1124772994663258e-06,495672.0,27.0,27.0,27.0,0.0,27.0,27.0,27.0,1.0,0.0,0.37265975773334503,0.2661183550953865,0.5,0.0,-0.11250000260770321,0.18763884902000427,0.0,0.0,1.7601597309112549,0.0,3.8425689339637756,0.0,0.0,0.0,0.0,0.0,3.3307086614173227
212,0.1569,0.08341271430253983,1.0679018732263258e-06,500356.0,27.0,27.0,27.0,0.0,27.0,27.0,27.0,1.0,0.0,0.34167973324656487,0.294674102216959,0.5,0.0,-0.3500000089406967,0.2886751517653465,0.0,0.0,1.4916797280311584,0.0,3.9218183159828186,0.0,0.0,0.0,0.0,0.0,3.362204724409449
214,0.1548,0.025415267795324326,1.0239940674851943e-06,505148.0,27.5,27.0,29.0,0.0,27.5,27.0,29.0,1.0,0.0,0.3945680037140846,0.23360400984529406,0.5,0.0,-0.2750000059604645,0.37527769804000854,0.0,0.0,1.6195679903030396,0.0,3.8709723353385925,0.0,0.0,0.0,0.0,0.0,3.393700787401575
216,0.1524,0.008414178155362606,9.807743513369273e-07,509820.0,27.25,27.0,28.0,0.0,27.25,27.0,28.0,1.0,0.0,0.40060000121593475,0.23385573481209576,0.5,0.0,-0.26250000670552254,0.18763884156942368,0.0,0.0,1.6380999684333801,0.0,3.809274584054947,0.0,0.0,0.0,0.0,0.0,3.425196850393701
218,0.1519,0.9612417817115784,9.382628730995222e-07,514174.0,27.0,27.0,27.0,0.0,27.0,27.0,27.0,1.0,0.0,0.21153687685728073,0.056691525620408356,0.5,0.0,-0.02500000037252903,0.08660253882408142,0.0,0.0,1.6865368485450745,0.00178633100586012,3.7980521619319916,0.0,0.0,0.0,0.0,0.0,3.456692913385827
220,0.1613,0.01811690628528595,8.964794509221508e-07,518952.0,27.0,27.0,27.0,0.0,27.0,27.0,27.0,1.0,0.0,0.9078859984874725,0.10636408627033234,0.5,0.0,-0.10000000149011612,0.17320507764816284,0.0,0.0,2.307886004447937,0.0,4.033660650253296,0.0,0.0,0.0,0.0,0.0,3.4881889763779528
222,0.1501,0.005045446567237377,8.55443563546274e-07,523320.0,27.0,27.0,27.0,0.0,27.0,27.0,27.0,1.0,0.0,0.3799639940261841,0.2554613184183836,0.5,0.0,-0.10000000149011612,0.17320507764816284,0.0,0.0,1.7799639701843262,0.0,3.7529945373535156,0.0,0.0,0.0,0.0,0.0,3.5196850393700787
224,0.1588,0.1063547357916832,8.151743412249729e-07,528088.0,27.0,27.0,27.0,0.0,27.0,27.0,27.0,1.0,0.0,0.7984375059604645,0.23274433612823486,0.5,0.0,-0.3375000059604645,0.10103630274534225,0.0,0.0,1.9609375,0.0,3.9702157378196716,0.0,0.0,0.0,0.0,0.0,3.5511811023622046
226,0.1579,0.10329198837280273,7.756905568047393e-07,532816.0,27.0,27.0,27.0,0.0,27.0,27.0,27.0,1.0,0.0,0.9167869985103607,0.09608609974384308,0.5,0.0,-0.17500000074505806,0.08660253882408142,0.0,0.0,2.2417869567871094,0.0,3.9478835463523865,0.0,0.0,0.0,0.0,0.0,3.5826771653543306
228,0.1603,0.07947545498609543,7.37010616973886e-07,537630.0,27.5,27.0,28.0,0.0,27.5,27.0,28.0,1.0,0.0,0.7984375059604645,0.23274433612823486,0.5,0.0,-0.11250000260770321,0.18763884902000427,0.0,0.0,2.185937464237213,0.0,4.008697479963303,0.0,0.0,0.0,0.0,0.0,3.6141732283464565
230,0.1558,0.04851615056395531,6.991525536816498e-07,542390.0,27.0,27.0,27.0,0.0,27.0,27.0,27.0,1.0,0.0,0.8770037591457367,0.14202618598937988,0.5,0.0,-0.02500000037252903,0.08660253882408142,0.0,0.0,2.352003812789917,0.0007088678539730608,3.894870012998581,0.0,0.0,0.0,0.0,0.0,3.6456692913385824
232,0.1575,0.08128102123737335,6.621340157319998e-07,546796.0,27.25,27.0,28.0,0.0,27.25,27.0,28.0,1.0,0.0,0.4260857403278351,0.20442733657546341,0.5,0.0,-0.26250000298023224,0.18763884902000427,0.0,0.0,1.6635857224464417,0.0,3.9367077946662903,0.0,0.0,0.0,0.0,0.0,3.677165354330709
234,0.1544,0.04334422945976257,6.259722605560489e-07,551524.0,27.0,27.0,27.0,0.0,27.0,27.0,27.0,1.0,0.0,0.7476562559604645,0.29138148948550224,0.5,0.0,-0.2750000059604645,0.37527769804000854,0.0,0.0,1.97265625,0.0,3.8599303364753723,0.0,0.0,0.0,0.0,0.0,3.7086614173228347
236,0.1581,0.0359371043741703,5.906841461669327e-07,556174.0,27.0,27.0,27.0,0.0,27.0,27.0,27.0,1.0,0.0,0.579611249268055,0.02715134061872959,0.5,0.0,-0.02500000037252903,0.08660253882408142,0.0,0.0,2.0546112656593323,0.0,3.9532758593559265,0.0,0.0,0.0,0.0,0.0,3.7401574803149606
238,0.1556,1.0059840679168701,5.562861233008774e-07,560982.0,27.0,27.0,27.0,0.0,27.0,27.0,27.0,1.0,0.0,0.962042510509491,0.04382966458797455,0.5,0.0,-0.02500000037252903,0.08660253882408142,0.0,0.0,2.437042474746704,8.943561260821298e-05,3.8911034762859344,0.0,0.0,0.0,0.0,0.0,3.7716535433070866
240,0.1514,0.023033881559967995,5.227942277481363e-07,565740.0,27.25,27.0,28.0,0.0,27.25,27.0,28.0,1.0,0.0,0.6922792196273804,0.2973414435982704,0.5,0.0,-0.02500000037252903,0.08660253882408142,0.0,0.0,2.1672792434692383,0.0,3.784281373023987,0.0,0.0,0.0,0.0,0.0,3.8031496062992125
242,0.161,0.060720041394233704,4.90224072877375e-07,570528.0,27.25,27.0,28.0,0.0,27.25,27.0,28.0,1.0,0.0,0.7992500066757202,0.23180614411830902,0.5,0.0,-0.26250000670552254,0.18763884156942368,0.0,0.0,2.036750018596649,0.0,4.024964600801468,0.0,0.0,0.0,0.0,0.0,3.8346456692913384
244,0.1487,0.055991172790527344,4.5859084235697236e-07,575268.0,27.25,27.0,28.0,0.0,27.25,27.0,28.0,1.0,0.0,0.5990374982357025,0.002497041365131736,0.5,0.0,-0.17500000074505806,0.08660253882408142,0.0,0.0,1.9240374565124512,0.0,3.7182600498199463,0.0,0.0,0.0,0.0,0.0,3.866141732283465
246,0.1587,0.08978893607854843,4.279092830766471e-07,579992.0,27.0,27.0,27.0,0.0,27.0,27.0,27.0,1.0,0.0,0.7937225103378296,0.23818874452263117,0.5,0.0,-0.17500000074505806,0.08660253882408142,0.0,0.0,2.1187225580215454,0.0,3.9678196907043457,0.0,0.0,0.0,0.0,0.0,3.8976377952755907
248,0.1596,0.08801726251840591,3.9819369827269804e-07,584746.0,27.25,27.0,28.0,0.0,27.25,27.0,28.0,1.0,0.0,0.7082822620868683,0.33684664964675903,0.5,0.0,-0.10000000149011612,0.17320507764816284,0.0,0.0,2.108282208442688,0.0,3.9892145693302155,0.0,0.0,0.0,0.0,0.0,3.9291338582677167
250,0.1515,0.09644879400730133,3.6945794086007706e-07,589528.0,27.0,27.0,27.0,0.0,27.0,27.0,27.0,1.0,0.0,0.800599992275238,0.23024728894233704,0.5,0.0,-0.02500000037252903,0.08660253882408142,0.0,0.0,2.275599956512451,0.0,3.7880557775497437,0.0,0.0,0.0,0.0,0.0,3.9606299212598426
252,0.1599,0.038515109568834305,3.417154069743836e-07,594272.0,27.33333396911621,27.0,28.0,0.0,27.33333396911621,27.0,28.0,1.0,0.0,0.5641487538814545,0.10163991525769234,0.5,0.0,-0.02500000037252903,0.08660253882408142,0.0,0.0,2.0391488075256348,0.0,3.997561514377594,0.0,0.0,0.0,0.0,0.0,3.9921259842519685
254,0.1544,0.044920023530721664,3.149790297268107e-07,598974.0,27.0,27.0,27.0,0.0,27.0,27.0,27.0,1.0,0.0,0.5710972547531128,0.495254248380661,0.5,0.0,-0.17500000074505806,0.08660253882408142,0.0,0.0,1.8960972428321838,0.0,3.8594521284103394,0.0,0.0,0.0,0.0,0.0,4.031496062992126
256,0.1604,0.0857408195734024,2.892612731749414e-07,603786.0,27.0,27.0,27.0,0.0,27.0,27.0,27.0,1.0,0.0,0.974892258644104,0.02899193949997425,0.5,0.0,-0.10000000149011612,0.17320507764816284,0.0,0.0,2.374892234802246,0.0,4.009746998548508,0.0,0.0,0.0,0.0,0.0,4.062992125984252
258,0.1531,0.10339374095201492,2.64574126512209e-07,608242.0,27.25,27.0,28.0,0.0,27.25,27.0,28.0,1.0,0.0,0.6021624803543091,0.45938318967819214,0.5,0.0,-0.02500000037252903,0.08660253882408142,0.0,0.0,2.0771623849868774,0.0,3.826573818922043,0.0,0.0,0.0,0.0,0.0,4.094488188976378
260,0.1605,0.06282668560743332,2.4092909847873713e-07,613040.0,27.0,27.0,27.0,0.0,27.0,27.0,27.0,1.0,0.0,0.5054709911346436,0.3580680191516876,0.5,0.0,-0.42500001192092896,0.2020726054906845,0.0,0.0,1.5804710388183594,0.0,4.0135288536548615,0.0,0.0,0.0,0.0,0.0,4.125984251968504
262,0.1612,0.1136428564786911,2.1833721199614992e-07,617836.0,27.25,27.0,28.0,0.0,27.25,27.0,28.0,1.0,0.0,0.7030524909496307,0.34288544952869415,0.5,0.0,-0.3500000089406967,0.2886751517653465,0.0,0.0,1.8530524969100952,0.0,4.029548466205597,0.0,0.0,0.0,0.0,0.0,4.15748031496063
264,0.1567,0.03946683555841446,1.9680899902887268e-07,622644.0,27.5,27.0,28.0,0.0,27.5,27.0,28.0,1.0,0.0,0.397475004196167,0.2352413774933666,0.5,0.0,-0.2750000059604645,0.37527769804000854,0.0,0.0,1.6224749684333801,0.0,3.9176387786865234,0.0,0.0,0.0,0.0,0.0,4.188976377952756
266,0.1582,0.0038694143295288086,1.7635449567430185e-07,627336.0,27.0,27.0,27.0,0.0,27.0,27.0,27.0,1.0,0.0,0.6294487416744232,0.4278757572174072,0.5,0.0,-0.02500000037252903,0.08660253882408142,0.0,0.0,2.104448676109314,0.0,3.955417215824127,0.0,0.0,0.0,0.0,0.0,4.2204724409448815
268,0.1573,0.018385162577033043,1.5698323748414123e-07,632146.0,27.0,27.0,27.0,0.0,27.0,27.0,27.0,1.0,0.0,0.7347097396850586,0.1592119336128235,0.5,0.0,-0.11250000260770321,0.18763884902000427,0.0,0.0,2.1222097277641296,0.003593187313526869,3.9321408569812775,0.0,0.0,0.0,0.0,0.0,4.251968503937007
270,0.1534,0.029570898041129112,1.3870425501908674e-07,636816.0,27.0,27.0,27.0,0.0,27.0,27.0,27.0,1.0,0.0,0.6021624803543091,0.45938318967819214,0.5,0.0,-0.10000000149011612,0.17320507764816284,0.0,0.0,2.002162456512451,0.0,3.8359344601631165,0.0,0.0,0.0,0.0,0.0,4.283464566929134
272,0.1552,0.07073365896940231,1.2152606963892866e-07,641564.0,27.5,27.0,28.0,0.0,27.5,27.0,28.0,1.0,0.0,0.581038773059845,0.483774796128273,0.5,0.0,-0.18750000558793545,0.10103630274534225,0.0,0.0,1.8935387134552002,0.0,3.8805190324783325,0.0,0.0,0.0,0.0,0.0,4.31496062992126
274,0.1509,0.09251576662063599,1.054566895300324e-07,646276.0,27.0,27.0,27.0,0.0,27.0,27.0,27.0,1.0,0.0,0.44166624546051025,0.36066317558288574,0.5,0.0,-0.1875000037252903,0.2742413878440857,0.0,0.0,1.7541661858558655,0.0007088678539730608,3.7730976939201355,0.0,0.0,0.0,0.0,0.0,4.346456692913386
276,0.1545,0.023860760033130646,9.050360597205515e-08,650980.0,27.0,27.0,27.0,0.0,27.0,27.0,27.0,1.0,0.0,0.800599992275238,0.23024728894233704,0.5,0.0,-0.17500000074505806,0.08660253882408142,0.0,0.0,2.125600039958954,0.0,3.861700415611267,0.0,0.0,0.0,0.0,0.0,4.377952755905512
278,0.1523,0.020258234813809395,7.667378984563601e-08,655758.0,27.0,27.0,27.0,0.0,27.0,27.0,27.0,1.0,0.0,0.5990374982357025,0.4629916250705719,0.5,0.0,-0.11250000260770321,0.18763884902000427,0.0,0.0,1.9865373969078064,0.0,3.8069453835487366,0.0,0.0,0.0,0.0,0.0,4.409448818897638
280,0.1587,0.016906211152672768,6.397368838268497e-08,660412.0,27.0,27.0,27.0,0.0,27.0,27.0,27.0,1.0,0.0,0.5878264978528023,0.017665186896920204,0.5,0.0,-0.02500000037252903,0.08660253882408142,0.0,0.0,2.0628265142440796,0.0,3.968723237514496,0.0,0.0,0.0,0.0,0.0,4.440944881889764
282,0.1592,0.9709286093711853,5.240922216079081e-08,665132.0,27.0,27.0,27.0,0.0,27.0,27.0,27.0,1.0,0.0,0.7480256259441376,0.20329725183546543,0.5,0.0,-0.11250000260770321,0.18763884902000427,0.0,0.0,2.1355255842208862,0.0002812459206325002,3.981112986803055,0.0,0.0,0.0,0.0,0.0,4.47244094488189
284,0.1582,0.05942891538143158,4.198578234314604e-08,669820.0,27.0,27.0,27.0,0.0,27.0,27.0,27.0,1.0,0.0,0.7208797484636307,0.13603425025939941,0.5,0.0,-0.02500000037252903,0.08660253882408142,0.0,0.0,2.195879817008972,0.00357830966822803,3.9540383219718933,0.0,0.0,0.0,0.0,0.0,4.503937007874016
286,0.1601,0.014685951173305511,3.270822816527325e-08,674542.0,27.0,27.0,27.0,0.0,27.0,27.0,27.0,1.0,0.0,0.5999999940395355,0.46188023686408997,0.5,0.0,-0.18750000558793545,0.10103630274534225,0.0,0.0,1.9124999046325684,0.0,4.003732323646545,0.0,0.0,0.0,0.0,0.0,4.535433070866142
288,0.1556,0.1061682477593422,2.4580884669733463e-08,679264.0,27.0,27.0,27.0,0.0,27.0,27.0,27.0,1.0,0.0,0.5961304977536201,0.000859673717059195,0.5,0.0,-0.1875000037252903,0.2742413878440857,0.0,0.0,1.9086305499076843,0.0,3.8898909091949463,0.0,0.0,0.0,0.0,0.0,4.566929133858268
290,0.1616,0.06002867594361305,1.7607540689859036e-08,684010.0,27.0,27.0,27.0,0.0,27.0,27.0,27.0,1.0,0.0,0.4586872458457947,0.342164047062397,0.5,0.0,0.05000000074505806,0.0,0.0,0.0,2.008687198162079,0.0,4.040945053100586,0.0,0.0,0.0,0.0,0.0,4.5984251968503935
292,0.1589,0.026118891313672066,1.1791447083465136e-08,688770.0,27.25,27.0,28.0,0.0,27.25,27.0,28.0,1.0,0.0,0.37682799622416496,0.2540884055197239,0.5,0.0,-0.10000000149011612,0.17320507764816284,0.0,0.0,1.7768280506134033,0.0,3.972850650548935,0.0,0.0,0.0,0.0,0.0,4.6299212598425195
294,0.1572,0.0722607672214508,7.135315217350891e-09,693166.0,27.0,27.0,27.0,0.0,27.0,27.0,27.0,1.0,0.0,0.5999999940395355,0.46188023686408997,0.5,0.0,-0.1875000037252903,0.2742413878440857,0.0,0.0,1.9124999642372131,0.0,3.9306074678897858,0.0,0.0,0.0,0.0,0.0,4.661417322834645
296,0.1596,0.055559948086738586,3.641315703307724e-09,697934.0,27.0,27.0,27.0,0.0,27.0,27.0,27.0,1.0,0.0,0.5893749892711639,0.4741489291191101,0.5,0.0,-0.42500001192092896,0.2020726054906845,0.0,0.0,1.6643749475479126,0.0,3.9895845651626587,0.0,0.0,0.0,0.0,0.0,4.692913385826771
298,0.1537,0.039921555668115616,1.3110773862126669e-09,702720.0,27.0,27.0,27.0,0.0,27.0,27.0,27.0,1.0,0.0,0.9078859984874725,0.10636408627033234,0.5,0.0,-0.09999999962747097,0.0,0.0,0.0,2.307886004447937,0.0,3.841541200876236,0.0,0.0,0.0,0.0,0.0,4.724409448818898
300,0.1563,0.1648026704788208,1.4568658469132913e-10,707476.0,27.0,27.0,27.0,0.0,27.0,27.0,27.0,1.0,0.0,0.6006569862365723,0.4611215740442276,0.5,0.0,-0.10000000149011612,0.17320507764816284,0.0,0.0,2.0006569623947144,0.0,3.906770706176758,0.0,0.0,0.0,0.0,0.0,4.755905511811024
300,,,,,,,,,,,,,,,,,,,,,,,,,,,,,,4.755905511811024,1485.0977,0.808,0.202,0.0,0.15096215178569158
